日期,笔记数,指标,DB,CSV,差值,状态
2025-11-24,2,阅读/播放UV,1057.00,1057.00,+0.00,✓
2025-11-24,2,进店UV,2.00,2.00,+0.00,✓
2025-11-24,2,店铺新访客,1.00,1.00,+0.00,✓
2025-11-24,2,全店成交UV,0.00,0.00,+0.00,✓
2025-11-24,2,全店成交GMV(元),0.00,0.00,+0.00,✓
2025-11-24,2,非任务商品成交GMV(元),0.00,0.00,+0.00,✓
2025-11-24,2,店铺新客UV,0.00,0.00,+0.00,✓
2025-11-24,2,加购UV,0.00,0.00,+0.00,✓
2025-11-24,2,店铺会员UV,0.00,0.00,+0.00,✓
2025-11-24,2,任务商品成交GMV(元),0.00,0.00,+0.00,✓
2025-11-24,2,关注店铺UV,0.00,0.00,+0.00,✓
2025-11-24,2,任务商品新客成交GMV(元),0.00,0.00,+0.00,✓
2025-11-25,4,阅读/播放UV,1205.00,1205.00,+0.00,✓
2025-11-25,4,进店UV,12.00,12.00,+0.00,✓
2025-11-25,4,店铺新访客,10.00,10.00,+0.00,✓
2025-11-25,4,全店成交UV,1.00,1.00,+0.00,✓
2025-11-25,4,全店成交GMV(元),493.00,493.00,+0.00,✓
2025-11-25,4,非任务商品成交GMV(元),0.00,0.00,+0.00,✓
2025-11-25,4,店铺新客UV,1.00,1.00,+0.00,✓
2025-11-25,4,加购UV,0.00,6.00,-6.00,✗
2025-11-25,4,店铺会员UV,0.00,0.00,+0.00,✓
2025-11-25,4,任务商品成交GMV(元),493.00,493.00,+0.00,✓
2025-11-25,4,关注店铺UV,0.00,0.00,+0.00,✓
2025-11-25,4,任务商品新客成交GMV(元),493.00,493.00,+0.00,✓
2025-11-26,6,阅读/播放UV,128.00,128.00,+0.00,✓
2025-11-26,6,进店UV,26.00,26.00,+0.00,✓
2025-11-26,6,店铺新访客,16.00,16.00,+0.00,✓
2025-11-26,6,全店成交UV,2.00,2.00,+0.00,✓
2025-11-26,6,全店成交GMV(元),962.21,962.21,+0.00,✓
2025-11-26,6,非任务商品成交GMV(元),0.00,0.00,+0.00,✓
2025-11-26,6,店铺新客UV,2.00,2.00,+0.00,✓
2025-11-26,6,加购UV,1.00,5.00,-4.00,✗
2025-11-26,6,店铺会员UV,0.00,0.00,+0.00,✓
2025-11-26,6,任务商品成交GMV(元),962.21,962.21,+0.00,✓
2025-11-26,6,关注店铺UV,0.00,0.00,+0.00,✓
2025-11-26,6,任务商品新客成交GMV(元),962.21,962.21,+0.00,✓
2025-11-27,7,阅读/播放UV,106.00,106.00,+0.00,✓
2025-11-27,7,进店UV,15.00,15.00,+0.00,✓
2025-11-27,7,店铺新访客,9.00,9.00,+0.00,✓
2025-11-27,7,全店成交UV,2.00,2.00,+0.00,✓
2025-11-27,7,全店成交GMV(元),946.02,946.02,+0.00,✓
2025-11-27,7,非任务商品成交GMV(元),0.00,0.00,+0.00,✓
2025-11-27,7,店铺新客UV,2.00,2.00,+0.00,✓
2025-11-27,7,加购UV,0.00,6.00,-6.00,✗
2025-11-27,7,店铺会员UV,0.00,0.00,+0.00,✓
2025-11-27,7,任务商品成交GMV(元),946.02,946.02,+0.00,✓
2025-11-27,7,关注店铺UV,0.00,0.00,+0.00,✓
2025-11-27,7,任务商品新客成交GMV(元),946.02,946.02,+0.00,✓
2025-11-28,8,阅读/播放UV,68.00,68.00,+0.00,✓
2025-11-28,8,进店UV,9.00,9.00,+0.00,✓
2025-11-28,8,店铺新访客,5.00,5.00,+0.00,✓
2025-11-28,8,全店成交UV,0.00,0.00,+0.00,✓
2025-11-28,8,全店成交GMV(元),0.00,0.00,+0.00,✓
2025-11-28,8,非任务商品成交GMV(元),0.00,0.00,+0.00,✓
2025-11-28,8,店铺新客UV,0.00,0.00,+0.00,✓
2025-11-28,8,加购UV,1.00,1.00,+0.00,✓
2025-11-28,8,店铺会员UV,0.00,0.00,+0.00,✓
2025-11-28,8,任务商品成交GMV(元),0.00,0.00,+0.00,✓
2025-11-28,8,关注店铺UV,0.00,0.00,+0.00,✓
2025-11-28,8,任务商品新客成交GMV(元),0.00,0.00,+0.00,✓
2025-11-29,8,阅读/播放UV,82.00,82.00,+0.00,✓
2025-11-29,8,进店UV,16.00,16.00,+0.00,✓
2025-11-29,8,店铺新访客,9.00,9.00,+0.00,✓
2025-11-29,8,全店成交UV,1.00,1.00,+0.00,✓
2025-11-29,8,全店成交GMV(元),946.02,946.02,+0.00,✓
2025-11-29,8,非任务商品成交GMV(元),0.00,0.00,+0.00,✓
2025-11-29,8,店铺新客UV,1.00,1.00,+0.00,✓
2025-11-29,8,加购UV,0.00,2.00,-2.00,✗
2025-11-29,8,店铺会员UV,0.00,0.00,+0.00,✓
2025-11-29,8,任务商品成交GMV(元),946.02,946.02,+0.00,✓
2025-11-29,8,关注店铺UV,0.00,0.00,+0.00,✓
2025-11-29,8,任务商品新客成交GMV(元),946.02,946.02,+0.00,✓
2025-11-30,8,阅读/播放UV,39.00,39.00,+0.00,✓
2025-11-30,8,进店UV,16.00,16.00,+0.00,✓
2025-11-30,8,店铺新访客,5.00,5.00,+0.00,✓
2025-11-30,8,全店成交UV,1.00,1.00,+0.00,✓
2025-11-30,8,全店成交GMV(元),473.01,473.01,+0.00,✓
2025-11-30,8,非任务商品成交GMV(元),0.00,0.00,+0.00,✓
2025-11-30,8,店铺新客UV,1.00,1.00,+0.00,✓
2025-11-30,8,加购UV,1.00,1.00,+0.00,✓
2025-11-30,8,店铺会员UV,0.00,0.00,+0.00,✓
2025-11-30,8,任务商品成交GMV(元),473.01,473.01,+0.00,✓
2025-11-30,8,关注店铺UV,0.00,0.00,+0.00,✓
2025-11-30,8,任务商品新客成交GMV(元),473.01,473.01,+0.00,✓
2025-12-01,10,阅读/播放UV,58.00,58.00,+0.00,✓
2025-12-01,10,进店UV,18.00,18.00,+0.00,✓
2025-12-01,10,店铺新访客,7.00,7.00,+0.00,✓
2025-12-01,10,全店成交UV,2.00,2.00,+0.00,✓
2025-12-01,10,全店成交GMV(元),946.02,946.02,+0.00,✓
2025-12-01,10,非任务商品成交GMV(元),0.00,0.00,+0.00,✓
2025-12-01,10,店铺新客UV,2.00,2.00,+0.00,✓
2025-12-01,10,加购UV,0.00,3.00,-3.00,✗
2025-12-01,10,店铺会员UV,0.00,0.00,+0.00,✓
2025-12-01,10,任务商品成交GMV(元),946.02,946.02,+0.00,✓
2025-12-01,10,关注店铺UV,0.00,0.00,+0.00,✓
2025-12-01,10,任务商品新客成交GMV(元),946.02,946.02,+0.00,✓
2025-12-02,12,阅读/播放UV,612.00,612.00,+0.00,✓
2025-12-02,12,进店UV,27.00,27.00,+0.00,✓
2025-12-02,12,店铺新访客,16.00,16.00,+0.00,✓
2025-12-02,12,全店成交UV,0.00,0.00,+0.00,✓
2025-12-02,12,全店成交GMV(元),0.00,0.00,+0.00,✓
2025-12-02,12,非任务商品成交GMV(元),0.00,0.00,+0.00,✓
2025-12-02,12,店铺新客UV,0.00,0.00,+0.00,✓
2025-12-02,12,加购UV,1.00,4.00,-3.00,✗
2025-12-02,12,店铺会员UV,0.00,0.00,+0.00,✓
2025-12-02,12,任务商品成交GMV(元),0.00,0.00,+0.00,✓
2025-12-02,12,关注店铺UV,0.00,0.00,+0.00,✓
2025-12-02,12,任务商品新客成交GMV(元),0.00,0.00,+0.00,✓
2025-12-03,13,阅读/播放UV,630.00,630.00,+0.00,✓
2025-12-03,13,进店UV,48.00,48.00,+0.00,✓
2025-12-03,13,店铺新访客,19.00,19.00,+0.00,✓
2025-12-03,13,全店成交UV,3.00,3.00,+0.00,✓
2025-12-03,13,全店成交GMV(元),1438.44,1438.44,+0.00,✓
2025-12-03,13,非任务商品成交GMV(元),0.00,0.00,+0.00,✓
2025-12-03,13,店铺新客UV,3.00,3.00,+0.00,✓
2025-12-03,13,加购UV,1.00,7.00,-6.00,✗
2025-12-03,13,店铺会员UV,0.00,0.00,+0.00,✓
2025-12-03,13,任务商品成交GMV(元),1438.44,1438.44,+0.00,✓
2025-12-03,13,关注店铺UV,0.00,0.00,+0.00,✓
2025-12-03,13,任务商品新客成交GMV(元),1438.44,1438.44,+0.00,✓
2025-12-04,14,阅读/播放UV,228.00,228.00,+0.00,✓
2025-12-04,14,进店UV,35.00,35.00,+0.00,✓
2025-12-04,14,店铺新访客,19.00,19.00,+0.00,✓
2025-12-04,14,全店成交UV,1.00,1.00,+0.00,✓
2025-12-04,14,全店成交GMV(元),558.00,558.00,+0.00,✓
2025-12-04,14,非任务商品成交GMV(元),65.00,65.00,+0.00,✓
2025-12-04,14,店铺新客UV,1.00,1.00,+0.00,✓
2025-12-04,14,加购UV,3.00,5.00,-2.00,✗
2025-12-04,14,店铺会员UV,0.00,0.00,+0.00,✓
2025-12-04,14,任务商品成交GMV(元),493.00,493.00,+0.00,✓
2025-12-04,14,关注店铺UV,0.00,0.00,+0.00,✓
2025-12-04,14,任务商品新客成交GMV(元),493.00,493.00,+0.00,✓
2025-12-05,15,阅读/播放UV,236.00,236.00,+0.00,✓
2025-12-05,15,进店UV,28.00,28.00,+0.00,✓
2025-12-05,15,店铺新访客,11.00,11.00,+0.00,✓
2025-12-05,15,全店成交UV,0.00,0.00,+0.00,✓
2025-12-05,15,全店成交GMV(元),0.00,0.00,+0.00,✓
2025-12-05,15,非任务商品成交GMV(元),0.00,0.00,+0.00,✓
2025-12-05,15,店铺新客UV,0.00,0.00,+0.00,✓
2025-12-05,15,加购UV,0.00,3.00,-3.00,✗
2025-12-05,15,店铺会员UV,0.00,0.00,+0.00,✓
2025-12-05,15,任务商品成交GMV(元),0.00,0.00,+0.00,✓
2025-12-05,15,关注店铺UV,0.00,0.00,+0.00,✓
2025-12-05,15,任务商品新客成交GMV(元),0.00,0.00,+0.00,✓
2025-12-06,15,阅读/播放UV,1090.00,1090.00,+0.00,✓
2025-12-06,15,进店UV,43.00,43.00,+0.00,✓
2025-12-06,15,店铺新访客,17.00,17.00,+0.00,✓
2025-12-06,15,全店成交UV,1.00,1.00,+0.00,✓
2025-12-06,15,全店成交GMV(元),493.00,493.00,+0.00,✓
2025-12-06,15,非任务商品成交GMV(元),0.00,0.00,+0.00,✓
2025-12-06,15,店铺新客UV,1.00,1.00,+0.00,✓
2025-12-06,15,加购UV,1.00,8.00,-7.00,✗
2025-12-06,15,店铺会员UV,0.00,0.00,+0.00,✓
2025-12-06,15,任务商品成交GMV(元),493.00,493.00,+0.00,✓
2025-12-06,15,关注店铺UV,0.00,0.00,+0.00,✓
2025-12-06,15,任务商品新客成交GMV(元),493.00,493.00,+0.00,✓
2025-12-07,15,阅读/播放UV,1145.00,1145.00,+0.00,✓
2025-12-07,15,进店UV,69.00,69.00,+0.00,✓
2025-12-07,15,店铺新访客,38.00,38.00,+0.00,✓
2025-12-07,15,全店成交UV,1.00,1.00,+0.00,✓
2025-12-07,15,全店成交GMV(元),473.01,473.01,+0.00,✓
2025-12-07,15,非任务商品成交GMV(元),0.00,0.00,+0.00,✓
2025-12-07,15,店铺新客UV,1.00,1.00,+0.00,✓
2025-12-07,15,加购UV,0.00,12.00,-12.00,✗
2025-12-07,15,店铺会员UV,0.00,0.00,+0.00,✓
2025-12-07,15,任务商品成交GMV(元),473.01,473.01,+0.00,✓
2025-12-07,15,关注店铺UV,0.00,0.00,+0.00,✓
2025-12-07,15,任务商品新客成交GMV(元),473.01,473.01,+0.00,✓
2025-12-08,15,阅读/播放UV,1264.00,1264.00,+0.00,✓
2025-12-08,15,进店UV,70.00,70.00,+0.00,✓
2025-12-08,15,店铺新访客,39.00,39.00,+0.00,✓
2025-12-08,15,全店成交UV,2.00,2.00,+0.00,✓
2025-12-08,15,全店成交GMV(元),946.02,946.02,+0.00,✓
2025-12-08,15,非任务商品成交GMV(元),0.00,0.00,+0.00,✓
2025-12-08,15,店铺新客UV,2.00,2.00,+0.00,✓
2025-12-08,15,加购UV,3.00,12.00,-9.00,✗
2025-12-08,15,店铺会员UV,0.00,0.00,+0.00,✓
2025-12-08,15,任务商品成交GMV(元),946.02,946.02,+0.00,✓
2025-12-08,15,关注店铺UV,0.00,0.00,+0.00,✓
2025-12-08,15,任务商品新客成交GMV(元),946.02,946.02,+0.00,✓
2025-12-09,15,阅读/播放UV,913.00,913.00,+0.00,✓
2025-12-09,15,进店UV,71.00,71.00,+0.00,✓
2025-12-09,15,店铺新访客,39.00,39.00,+0.00,✓
2025-12-09,15,全店成交UV,4.00,4.00,+0.00,✓
2025-12-09,15,全店成交GMV(元),1932.03,1932.03,+0.00,✓
2025-12-09,15,非任务商品成交GMV(元),0.01,0.01,+0.00,✓
2025-12-09,15,店铺新客UV,4.00,4.00,+0.00,✓
2025-12-09,15,加购UV,4.00,18.00,-14.00,✗
2025-12-09,15,店铺会员UV,1.00,1.00,+0.00,✓
2025-12-09,15,任务商品成交GMV(元),1932.02,1932.02,+0.00,✓
2025-12-09,15,关注店铺UV,0.00,0.00,+0.00,✓
2025-12-09,15,任务商品新客成交GMV(元),1932.02,1932.02,+0.00,✓
2025-12-10,15,阅读/播放UV,1616.00,1616.00,+0.00,✓
2025-12-10,15,进店UV,62.00,62.00,+0.00,✓
2025-12-10,15,店铺新访客,32.00,32.00,+0.00,✓
2025-12-10,15,全店成交UV,0.00,0.00,+0.00,✓
2025-12-10,15,全店成交GMV(元),0.00,0.00,+0.00,✓
2025-12-10,15,非任务商品成交GMV(元),0.00,0.00,+0.00,✓
2025-12-10,15,店铺新客UV,0.00,0.00,+0.00,✓
2025-12-10,15,加购UV,4.00,11.00,-7.00,✗
2025-12-10,15,店铺会员UV,0.00,0.00,+0.00,✓
2025-12-10,15,任务商品成交GMV(元),0.00,0.00,+0.00,✓
2025-12-10,15,关注店铺UV,0.00,0.00,+0.00,✓
2025-12-10,15,任务商品新客成交GMV(元),0.00,0.00,+0.00,✓
2025-12-11,15,阅读/播放UV,1691.00,1691.00,+0.00,✓
2025-12-11,15,进店UV,80.00,80.00,+0.00,✓
2025-12-11,15,店铺新访客,35.00,35.00,+0.00,✓
2025-12-11,15,全店成交UV,5.00,5.00,+0.00,✓
2025-12-11,15,全店成交GMV(元),2365.05,2365.05,+0.00,✓
2025-12-11,15,非任务商品成交GMV(元),0.00,0.00,+0.00,✓
2025-12-11,15,店铺新客UV,5.00,5.00,+0.00,✓
2025-12-11,15,加购UV,2.00,11.00,-9.00,✗
2025-12-11,15,店铺会员UV,0.00,0.00,+0.00,✓
2025-12-11,15,任务商品成交GMV(元),2365.05,2365.05,+0.00,✓
2025-12-11,15,关注店铺UV,0.00,0.00,+0.00,✓
2025-12-11,15,任务商品新客成交GMV(元),2365.05,2365.05,+0.00,✓
2025-12-12,15,阅读/播放UV,1940.00,1940.00,+0.00,✓
2025-12-12,15,进店UV,74.00,74.00,+0.00,✓
2025-12-12,15,店铺新访客,36.00,36.00,+0.00,✓
2025-12-12,15,全店成交UV,5.00,5.00,+0.00,✓
2025-12-12,15,全店成交GMV(元),2399.37,2399.37,+0.00,✓
2025-12-12,15,非任务商品成交GMV(元),0.00,0.00,+0.00,✓
2025-12-12,15,店铺新客UV,4.00,4.00,+0.00,✓
2025-12-12,15,加购UV,2.00,15.00,-13.00,✗
2025-12-12,15,店铺会员UV,0.00,0.00,+0.00,✓
2025-12-12,15,任务商品成交GMV(元),2399.37,2399.37,+0.00,✓
2025-12-12,15,关注店铺UV,0.00,0.00,+0.00,✓
2025-12-12,15,任务商品新客成交GMV(元),1926.36,1926.36,+0.00,✓
2025-12-13,15,阅读/播放UV,71.00,71.00,+0.00,✓
2025-12-13,15,进店UV,52.00,52.00,+0.00,✓
2025-12-13,15,店铺新访客,19.00,19.00,+0.00,✓
2025-12-13,15,全店成交UV,3.00,3.00,+0.00,✓
2025-12-13,15,全店成交GMV(元),1469.31,1469.31,+0.00,✓
2025-12-13,15,非任务商品成交GMV(元),0.00,0.00,+0.00,✓
2025-12-13,15,店铺新客UV,3.00,3.00,+0.00,✓
2025-12-13,15,加购UV,1.00,6.00,-5.00,✗
2025-12-13,15,店铺会员UV,0.00,0.00,+0.00,✓
2025-12-13,15,任务商品成交GMV(元),1469.31,1469.31,+0.00,✓
2025-12-13,15,关注店铺UV,0.00,0.00,+0.00,✓
2025-12-13,15,任务商品新客成交GMV(元),1469.31,1469.31,+0.00,✓
2025-12-14,15,阅读/播放UV,63.00,63.00,+0.00,✓
2025-12-14,15,进店UV,56.00,56.00,+0.00,✓
2025-12-14,15,店铺新访客,23.00,23.00,+0.00,✓
2025-12-14,15,全店成交UV,2.00,2.00,+0.00,✓
2025-12-14,15,全店成交GMV(元),946.02,946.02,+0.00,✓
2025-12-14,15,非任务商品成交GMV(元),0.00,0.00,+0.00,✓
2025-12-14,15,店铺新客UV,2.00,2.00,+0.00,✓
2025-12-14,15,加购UV,2.00,8.00,-6.00,✗
2025-12-14,15,店铺会员UV,1.00,1.00,+0.00,✓
2025-12-14,15,任务商品成交GMV(元),946.02,946.02,+0.00,✓
2025-12-14,15,关注店铺UV,1.00,1.00,+0.00,✓
2025-12-14,15,任务商品新客成交GMV(元),946.02,946.02,+0.00,✓
2025-12-15,16,阅读/播放UV,103.00,103.00,+0.00,✓
2025-12-15,16,进店UV,54.00,54.00,+0.00,✓
2025-12-15,16,店铺新访客,18.00,18.00,+0.00,✓
2025-12-15,16,全店成交UV,5.00,5.00,+0.00,✓
2025-12-15,16,全店成交GMV(元),2573.08,2573.08,+0.00,✓
2025-12-15,16,非任务商品成交GMV(元),2080.08,2080.08,+0.00,✓
2025-12-15,16,店铺新客UV,1.00,1.00,+0.00,✓
2025-12-15,16,加购UV,0.00,7.00,-7.00,✗
2025-12-15,16,店铺会员UV,0.00,0.00,+0.00,✓
2025-12-15,16,任务商品成交GMV(元),493.00,493.00,+0.00,✓
2025-12-15,16,关注店铺UV,0.00,0.00,+0.00,✓
2025-12-15,16,任务商品新客成交GMV(元),493.00,493.00,+0.00,✓
2025-12-16,17,阅读/播放UV,530.00,530.00,+0.00,✓
2025-12-16,17,进店UV,54.00,54.00,+0.00,✓
2025-12-16,17,店铺新访客,18.00,18.00,+0.00,✓
2025-12-16,17,全店成交UV,0.00,0.00,+0.00,✓
2025-12-16,17,全店成交GMV(元),0.00,0.00,+0.00,✓
2025-12-16,17,非任务商品成交GMV(元),0.00,0.00,+0.00,✓
2025-12-16,17,店铺新客UV,0.00,0.00,+0.00,✓
2025-12-16,17,加购UV,1.00,4.00,-3.00,✗
2025-12-16,17,店铺会员UV,0.00,0.00,+0.00,✓
2025-12-16,17,任务商品成交GMV(元),0.00,0.00,+0.00,✓
2025-12-16,17,关注店铺UV,0.00,0.00,+0.00,✓
2025-12-16,17,任务商品新客成交GMV(元),0.00,0.00,+0.00,✓
2025-12-17,18,阅读/播放UV,353.00,353.00,+0.00,✓
2025-12-17,18,进店UV,54.00,54.00,+0.00,✓
2025-12-17,18,店铺新访客,15.00,15.00,+0.00,✓
2025-12-17,18,全店成交UV,1.00,1.00,+0.00,✓
2025-12-17,18,全店成交GMV(元),3130.01,3130.01,+0.00,✓
2025-12-17,18,非任务商品成交GMV(元),3130.01,3130.01,+0.00,✓
2025-12-17,18,店铺新客UV,1.00,1.00,+0.00,✓
2025-12-17,18,加购UV,0.00,6.00,-6.00,✗
2025-12-17,18,店铺会员UV,3.00,3.00,+0.00,✓
2025-12-17,18,任务商品成交GMV(元),0.00,0.00,+0.00,✓
2025-12-17,18,关注店铺UV,0.00,0.00,+0.00,✓
2025-12-17,18,任务商品新客成交GMV(元),0.00,0.00,+0.00,✓
2025-12-18,19,阅读/播放UV,370.00,370.00,+0.00,✓
2025-12-18,19,进店UV,40.00,40.00,+0.00,✓
2025-12-18,19,店铺新访客,17.00,17.00,+0.00,✓
2025-12-18,19,全店成交UV,5.00,5.00,+0.00,✓
2025-12-18,19,全店成交GMV(元),2425.02,2425.02,+0.00,✓
2025-12-18,19,非任务商品成交GMV(元),0.00,0.00,+0.00,✓
2025-12-18,19,店铺新客UV,5.00,5.00,+0.00,✓
2025-12-18,19,加购UV,0.00,4.00,-4.00,✗
2025-12-18,19,店铺会员UV,0.00,0.00,+0.00,✓
2025-12-18,19,任务商品成交GMV(元),2425.02,2425.02,+0.00,✓
2025-12-18,19,关注店铺UV,0.00,0.00,+0.00,✓
2025-12-18,19,任务商品新客成交GMV(元),2425.02,2425.02,+0.00,✓
2025-12-19,20,阅读/播放UV,633.00,633.00,+0.00,✓
2025-12-19,20,进店UV,48.00,48.00,+0.00,✓
2025-12-19,20,店铺新访客,15.00,15.00,+0.00,✓
2025-12-19,20,全店成交UV,0.00,0.00,+0.00,✓
2025-12-19,20,全店成交GMV(元),0.00,0.00,+0.00,✓
2025-12-19,20,非任务商品成交GMV(元),0.00,0.00,+0.00,✓
2025-12-19,20,店铺新客UV,0.00,0.00,+0.00,✓
2025-12-19,20,加购UV,1.00,4.00,-3.00,✗
2025-12-19,20,店铺会员UV,1.00,1.00,+0.00,✓
2025-12-19,20,任务商品成交GMV(元),0.00,0.00,+0.00,✓
2025-12-19,20,关注店铺UV,0.00,0.00,+0.00,✓
2025-12-19,20,任务商品新客成交GMV(元),0.00,0.00,+0.00,✓
2025-12-20,20,阅读/播放UV,774.00,774.00,+0.00,✓
2025-12-20,20,进店UV,31.00,31.00,+0.00,✓
2025-12-20,20,店铺新访客,11.00,11.00,+0.00,✓
2025-12-20,20,全店成交UV,1.00,1.00,+0.00,✓
2025-12-20,20,全店成交GMV(元),473.01,473.01,+0.00,✓
2025-12-20,20,非任务商品成交GMV(元),0.00,0.00,+0.00,✓
2025-12-20,20,店铺新客UV,1.00,1.00,+0.00,✓
2025-12-20,20,加购UV,0.00,3.00,-3.00,✗
2025-12-20,20,店铺会员UV,0.00,0.00,+0.00,✓
2025-12-20,20,任务商品成交GMV(元),473.01,473.01,+0.00,✓
2025-12-20,20,关注店铺UV,1.00,1.00,+0.00,✓
2025-12-20,20,任务商品新客成交GMV(元),473.01,473.01,+0.00,✓
2025-12-21,20,阅读/播放UV,812.00,812.00,+0.00,✓
2025-12-21,20,进店UV,38.00,38.00,+0.00,✓
2025-12-21,20,店铺新访客,12.00,12.00,+0.00,✓
2025-12-21,20,全店成交UV,1.00,1.00,+0.00,✓
2025-12-21,20,全店成交GMV(元),3199.00,3199.00,+0.00,✓
2025-12-21,20,非任务商品成交GMV(元),3199.00,3199.00,+0.00,✓
2025-12-21,20,店铺新客UV,1.00,1.00,+0.00,✓
2025-12-21,20,加购UV,0.00,1.00,-1.00,✗
2025-12-21,20,店铺会员UV,0.00,0.00,+0.00,✓
2025-12-21,20,任务商品成交GMV(元),0.00,0.00,+0.00,✓
2025-12-21,20,关注店铺UV,0.00,0.00,+0.00,✓
2025-12-21,20,任务商品新客成交GMV(元),0.00,0.00,+0.00,✓
2025-12-22,22,阅读/播放UV,436.00,436.00,+0.00,✓
2025-12-22,22,进店UV,48.00,48.00,+0.00,✓
2025-12-22,22,店铺新访客,16.00,16.00,+0.00,✓
2025-12-22,22,全店成交UV,1.00,1.00,+0.00,✓
2025-12-22,22,全店成交GMV(元),2299.00,2299.00,+0.00,✓
2025-12-22,22,非任务商品成交GMV(元),2299.00,2299.00,+0.00,✓
2025-12-22,22,店铺新客UV,1.00,1.00,+0.00,✓
2025-12-22,22,加购UV,0.00,3.00,-3.00,✗
2025-12-22,22,店铺会员UV,0.00,0.00,+0.00,✓
2025-12-22,22,任务商品成交GMV(元),0.00,0.00,+0.00,✓
2025-12-22,22,关注店铺UV,0.00,0.00,+0.00,✓
2025-12-22,22,任务商品新客成交GMV(元),0.00,0.00,+0.00,✓
2025-12-23,25,阅读/播放UV,541.00,541.00,+0.00,✓
2025-12-23,25,进店UV,61.00,61.00,+0.00,✓
2025-12-23,25,店铺新访客,32.00,32.00,+0.00,✓
2025-12-23,25,全店成交UV,1.00,1.00,+0.00,✓
2025-12-23,25,全店成交GMV(元),2437.01,2437.01,+0.00,✓
2025-12-23,25,非任务商品成交GMV(元),0.00,0.00,+0.00,✓
2025-12-23,25,店铺新客UV,1.00,1.00,+0.00,✓
2025-12-23,25,加购UV,1.00,7.00,-6.00,✗
2025-12-23,25,店铺会员UV,0.00,0.00,+0.00,✓
2025-12-23,25,任务商品成交GMV(元),2437.01,2437.01,+0.00,✓
2025-12-23,25,关注店铺UV,0.00,0.00,+0.00,✓
2025-12-23,25,任务商品新客成交GMV(元),2437.01,2437.01,+0.00,✓
2025-12-24,28,阅读/播放UV,2703.00,2703.00,+0.00,✓
2025-12-24,28,进店UV,63.00,63.00,+0.00,✓
2025-12-24,28,店铺新访客,33.00,33.00,+0.00,✓
2025-12-24,28,全店成交UV,3.00,3.00,+0.00,✓
2025-12-24,28,全店成交GMV(元),3459.04,3459.04,+0.00,✓
2025-12-24,28,非任务商品成交GMV(元),0.00,0.00,+0.00,✓
2025-12-24,28,店铺新客UV,3.00,3.00,+0.00,✓
2025-12-24,28,加购UV,1.00,12.00,-11.00,✗
2025-12-24,28,店铺会员UV,0.00,0.00,+0.00,✓
2025-12-24,28,任务商品成交GMV(元),3459.04,3459.04,+0.00,✓
2025-12-24,28,关注店铺UV,0.00,0.00,+0.00,✓
2025-12-24,28,任务商品新客成交GMV(元),3459.04,3459.04,+0.00,✓
2025-12-25,43,阅读/播放UV,3431.00,3431.00,+0.00,✓
2025-12-25,43,进店UV,58.00,58.00,+0.00,✓
2025-12-25,43,店铺新访客,30.00,30.00,+0.00,✓
2025-12-25,43,全店成交UV,5.00,5.00,+0.00,✓
2025-12-25,43,全店成交GMV(元),2394.95,2394.95,+0.00,✓
2025-12-25,43,非任务商品成交GMV(元),9.91,9.91,+0.00,✓
2025-12-25,43,店铺新客UV,5.00,5.00,+0.00,✓
2025-12-25,43,加购UV,1.00,8.00,-7.00,✗
2025-12-25,43,店铺会员UV,1.00,1.00,+0.00,✓
2025-12-25,43,任务商品成交GMV(元),2385.04,2385.04,+0.00,✓
2025-12-25,43,关注店铺UV,1.00,1.00,+0.00,✓
2025-12-25,43,任务商品新客成交GMV(元),2385.04,2385.04,+0.00,✓
2025-12-26,55,阅读/播放UV,5198.00,5198.00,+0.00,✓
2025-12-26,55,进店UV,59.00,59.00,+0.00,✓
2025-12-26,55,店铺新访客,27.00,27.00,+0.00,✓
2025-12-26,55,全店成交UV,0.00,0.00,+0.00,✓
2025-12-26,55,全店成交GMV(元),0.00,0.00,+0.00,✓
2025-12-26,55,非任务商品成交GMV(元),0.00,0.00,+0.00,✓
2025-12-26,55,店铺新客UV,0.00,0.00,+0.00,✓
2025-12-26,55,加购UV,3.00,3.00,+0.00,✓
2025-12-26,55,店铺会员UV,0.00,0.00,+0.00,✓
2025-12-26,55,任务商品成交GMV(元),0.00,0.00,+0.00,✓
2025-12-26,55,关注店铺UV,0.00,0.00,+0.00,✓
2025-12-26,55,任务商品新客成交GMV(元),0.00,0.00,+0.00,✓
2025-12-27,64,阅读/播放UV,2119.00,2119.00,+0.00,✓
2025-12-27,64,进店UV,57.00,57.00,+0.00,✓
2025-12-27,64,店铺新访客,24.00,24.00,+0.00,✓
2025-12-27,64,全店成交UV,4.00,4.00,+0.00,✓
2025-12-27,64,全店成交GMV(元),4550.84,4550.84,+0.00,✓
2025-12-27,64,非任务商品成交GMV(元),4077.83,4077.83,+0.00,✓
2025-12-27,64,店铺新客UV,2.00,2.00,+0.00,✓
2025-12-27,64,加购UV,1.00,6.00,-5.00,✗
2025-12-27,64,店铺会员UV,1.00,1.00,+0.00,✓
2025-12-27,64,任务商品成交GMV(元),473.01,473.01,+0.00,✓
2025-12-27,64,关注店铺UV,0.00,0.00,+0.00,✓
2025-12-27,64,任务商品新客成交GMV(元),473.01,473.01,+0.00,✓
2025-12-28,64,阅读/播放UV,2312.00,2312.00,+0.00,✓
2025-12-28,64,进店UV,71.00,71.00,+0.00,✓
2025-12-28,64,店铺新访客,34.00,34.00,+0.00,✓
2025-12-28,64,全店成交UV,3.00,3.00,+0.00,✓
2025-12-28,64,全店成交GMV(元),5171.73,5171.73,+0.00,✓
2025-12-28,64,非任务商品成交GMV(元),204.34,204.34,+0.00,✓
2025-12-28,64,店铺新客UV,2.00,2.00,+0.00,✓
2025-12-28,64,加购UV,4.00,20.00,-16.00,✗
2025-12-28,64,店铺会员UV,0.00,0.00,+0.00,✓
2025-12-28,64,任务商品成交GMV(元),4967.39,4967.39,+0.00,✓
2025-12-28,64,关注店铺UV,0.00,0.00,+0.00,✓
2025-12-28,64,任务商品新客成交GMV(元),4967.39,4967.39,+0.00,✓
2025-12-29,69,阅读/播放UV,3114.00,3114.00,+0.00,✓
2025-12-29,69,进店UV,82.00,82.00,+0.00,✓
2025-12-29,69,店铺新访客,39.00,39.00,+0.00,✓
2025-12-29,69,全店成交UV,1.00,1.00,+0.00,✓
2025-12-29,69,全店成交GMV(元),185.00,185.00,+0.00,✓
2025-12-29,69,非任务商品成交GMV(元),185.00,185.00,+0.00,✓
2025-12-29,69,店铺新客UV,0.00,0.00,+0.00,✓
2025-12-29,69,加购UV,0.00,5.00,-5.00,✗
2025-12-29,69,店铺会员UV,0.00,0.00,+0.00,✓
2025-12-29,69,任务商品成交GMV(元),0.00,0.00,+0.00,✓
2025-12-29,69,关注店铺UV,0.00,0.00,+0.00,✓
2025-12-29,69,任务商品新客成交GMV(元),0.00,0.00,+0.00,✓
2025-12-30,69,阅读/播放UV,4127.00,4127.00,+0.00,✓
2025-12-30,69,进店UV,97.00,97.00,+0.00,✓
2025-12-30,69,店铺新访客,44.00,44.00,+0.00,✓
2025-12-30,69,全店成交UV,2.00,2.00,+0.00,✓
2025-12-30,69,全店成交GMV(元),683.35,683.35,+0.00,✓
2025-12-30,69,非任务商品成交GMV(元),204.34,204.34,+0.00,✓
2025-12-30,69,店铺新客UV,1.00,1.00,+0.00,✓
2025-12-30,69,加购UV,1.00,10.00,-9.00,✗
2025-12-30,69,店铺会员UV,0.00,0.00,+0.00,✓
2025-12-30,69,任务商品成交GMV(元),479.01,479.01,+0.00,✓
2025-12-30,69,关注店铺UV,0.00,0.00,+0.00,✓
2025-12-30,69,任务商品新客成交GMV(元),479.01,479.01,+0.00,✓
2025-12-31,77,阅读/播放UV,4588.00,4588.00,+0.00,✓
2025-12-31,77,进店UV,77.00,77.00,+0.00,✓
2025-12-31,77,店铺新访客,34.00,34.00,+0.00,✓
2025-12-31,77,全店成交UV,1.00,1.00,+0.00,✓
2025-12-31,77,全店成交GMV(元),186.00,186.00,+0.00,✓
2025-12-31,77,非任务商品成交GMV(元),186.00,186.00,+0.00,✓
2025-12-31,77,店铺新客UV,0.00,0.00,+0.00,✓
2025-12-31,77,加购UV,1.00,6.00,-5.00,✗
2025-12-31,77,店铺会员UV,0.00,0.00,+0.00,✓
2025-12-31,77,任务商品成交GMV(元),0.00,0.00,+0.00,✓
2025-12-31,77,关注店铺UV,0.00,0.00,+0.00,✓
2025-12-31,77,任务商品新客成交GMV(元),0.00,0.00,+0.00,✓
2026-01-01,77,阅读/播放UV,5660.00,5660.00,+0.00,✓
2026-01-01,77,进店UV,71.00,71.00,+0.00,✓
2026-01-01,77,店铺新访客,27.00,27.00,+0.00,✓
2026-01-01,77,全店成交UV,5.00,5.00,+0.00,✓
2026-01-01,77,全店成交GMV(元),9029.04,9029.04,+0.00,✓
2026-01-01,77,非任务商品成交GMV(元),65.00,65.00,+0.00,✓
2026-01-01,77,店铺新客UV,5.00,5.00,+0.00,✓
2026-01-01,77,加购UV,1.00,13.00,-12.00,✗
2026-01-01,77,店铺会员UV,1.00,1.00,+0.00,✓
2026-01-01,77,任务商品成交GMV(元),8964.04,8964.04,+0.00,✓
2026-01-01,77,关注店铺UV,1.00,1.00,+0.00,✓
2026-01-01,77,任务商品新客成交GMV(元),8964.04,8964.04,+0.00,✓
2026-01-02,77,阅读/播放UV,5614.00,5614.00,+0.00,✓
2026-01-02,77,进店UV,91.00,91.00,+0.00,✓
2026-01-02,77,店铺新访客,41.00,41.00,+0.00,✓
2026-01-02,77,全店成交UV,1.00,1.00,+0.00,✓
2026-01-02,77,全店成交GMV(元),479.01,479.01,+0.00,✓
2026-01-02,77,非任务商品成交GMV(元),0.00,0.00,+0.00,✓
2026-01-02,77,店铺新客UV,1.00,1.00,+0.00,✓
2026-01-02,77,加购UV,3.00,11.00,-8.00,✗
2026-01-02,77,店铺会员UV,0.00,0.00,+0.00,✓
2026-01-02,77,任务商品成交GMV(元),479.01,479.01,+0.00,✓
2026-01-02,77,关注店铺UV,0.00,0.00,+0.00,✓
2026-01-02,77,任务商品新客成交GMV(元),479.01,479.01,+0.00,✓
2026-01-03,77,阅读/播放UV,12403.00,12403.00,+0.00,✓
2026-01-03,77,进店UV,166.00,166.00,+0.00,✓
2026-01-03,77,店铺新访客,100.00,100.00,+0.00,✓
2026-01-03,77,全店成交UV,4.00,4.00,+0.00,✓
2026-01-03,77,全店成交GMV(元),5479.77,5479.77,+0.00,✓
2026-01-03,77,非任务商品成交GMV(元),1996.54,1996.54,+0.00,✓
2026-01-03,77,店铺新客UV,4.00,4.00,+0.00,✓
2026-01-03,77,加购UV,10.00,15.00,-5.00,✗
2026-01-03,77,店铺会员UV,0.00,0.00,+0.00,✓
2026-01-03,77,任务商品成交GMV(元),3483.23,3483.23,+0.00,✓
2026-01-03,77,关注店铺UV,0.00,0.00,+0.00,✓
2026-01-03,77,任务商品新客成交GMV(元),3483.23,3483.23,+0.00,✓
2026-01-04,77,阅读/播放UV,8515.00,8515.00,+0.00,✓
2026-01-04,77,进店UV,251.00,251.00,+0.00,✓
2026-01-04,77,店铺新访客,135.00,135.00,+0.00,✓
2026-01-04,77,全店成交UV,16.00,16.00,+0.00,✓
2026-01-04,77,全店成交GMV(元),30979.15,30979.15,+0.00,✓
2026-01-04,77,非任务商品成交GMV(元),16568.50,16568.50,+0.00,✓
2026-01-04,77,店铺新客UV,10.00,10.00,+0.00,✓
2026-01-04,77,加购UV,6.00,33.00,-27.00,✗
2026-01-04,77,店铺会员UV,1.00,1.00,+0.00,✓
2026-01-04,77,任务商品成交GMV(元),14410.65,14410.65,+0.00,✓
2026-01-04,77,关注店铺UV,1.00,1.00,+0.00,✓
2026-01-04,77,任务商品新客成交GMV(元),2729.69,2729.69,+0.00,✓
2026-01-05,77,阅读/播放UV,9306.00,9306.00,+0.00,✓
2026-01-05,77,进店UV,391.00,391.00,+0.00,✓
2026-01-05,77,店铺新访客,214.00,214.00,+0.00,✓
2026-01-05,77,全店成交UV,9.00,9.00,+0.00,✓
2026-01-05,77,全店成交GMV(元),14726.65,14726.65,+0.00,✓
2026-01-05,77,非任务商品成交GMV(元),6305.82,6305.82,+0.00,✓
2026-01-05,77,店铺新客UV,7.00,7.00,+0.00,✓
2026-01-05,77,加购UV,5.00,38.00,-33.00,✗
2026-01-05,77,店铺会员UV,5.00,5.00,+0.00,✓
2026-01-05,77,任务商品成交GMV(元),8420.83,8420.83,+0.00,✓
2026-01-05,77,关注店铺UV,1.00,1.00,+0.00,✓
2026-01-05,77,任务商品新客成交GMV(元),5921.83,5921.83,+0.00,✓
2026-01-06,79,阅读/播放UV,16443.00,16443.00,+0.00,✓
2026-01-06,79,进店UV,443.00,443.00,+0.00,✓
2026-01-06,79,店铺新访客,223.00,223.00,+0.00,✓
2026-01-06,79,全店成交UV,10.00,10.00,+0.00,✓
2026-01-06,79,全店成交GMV(元),12412.35,12412.35,+0.00,✓
2026-01-06,79,非任务商品成交GMV(元),649.65,649.65,+0.00,✓
2026-01-06,79,店铺新客UV,8.00,8.00,+0.00,✓
2026-01-06,79,加购UV,8.00,42.00,-34.00,✗
2026-01-06,79,店铺会员UV,0.00,0.00,+0.00,✓
2026-01-06,79,任务商品成交GMV(元),11762.70,11762.70,+0.00,✓
2026-01-06,79,关注店铺UV,0.00,0.00,+0.00,✓
2026-01-06,79,任务商品新客成交GMV(元),11762.70,11762.70,+0.00,✓
2026-01-07,79,阅读/播放UV,18043.00,18043.00,+0.00,✓
2026-01-07,79,进店UV,404.00,404.00,+0.00,✓
2026-01-07,79,店铺新访客,190.00,190.00,+0.00,✓
2026-01-07,79,全店成交UV,0.00,0.00,+0.00,✓
2026-01-07,79,全店成交GMV(元),0.00,0.00,+0.00,✓
2026-01-07,79,非任务商品成交GMV(元),0.00,0.00,+0.00,✓
2026-01-07,79,店铺新客UV,0.00,0.00,+0.00,✓
2026-01-07,79,加购UV,5.00,34.00,-29.00,✗
2026-01-07,79,店铺会员UV,0.00,0.00,+0.00,✓
2026-01-07,79,任务商品成交GMV(元),0.00,0.00,+0.00,✓
2026-01-07,79,关注店铺UV,1.00,1.00,+0.00,✓
2026-01-07,79,任务商品新客成交GMV(元),0.00,0.00,+0.00,✓
2026-01-08,79,阅读/播放UV,23665.00,23665.00,+0.00,✓
2026-01-08,79,进店UV,502.00,502.00,+0.00,✓
2026-01-08,79,店铺新访客,236.00,236.00,+0.00,✓
2026-01-08,79,全店成交UV,6.00,6.00,+0.00,✓
2026-01-08,79,全店成交GMV(元),11013.64,11013.64,+0.00,✓
2026-01-08,79,非任务商品成交GMV(元),9526.41,9526.41,+0.00,✓
2026-01-08,79,店铺新客UV,6.00,6.00,+0.00,✓
2026-01-08,79,加购UV,11.00,29.00,-18.00,✗
2026-01-08,79,店铺会员UV,1.00,1.00,+0.00,✓
2026-01-08,79,任务商品成交GMV(元),1487.23,1487.23,+0.00,✓
2026-01-08,79,关注店铺UV,0.00,0.00,+0.00,✓
2026-01-08,79,任务商品新客成交GMV(元),1487.23,1487.23,+0.00,✓
2026-01-09,79,阅读/播放UV,9506.00,9506.00,+0.00,✓
2026-01-09,79,进店UV,475.00,475.00,+0.00,✓
2026-01-09,79,店铺新访客,188.00,188.00,+0.00,✓
2026-01-09,79,全店成交UV,3.00,3.00,+0.00,✓
2026-01-09,79,全店成交GMV(元),1477.01,1477.01,+0.00,✓
2026-01-09,79,非任务商品成交GMV(元),0.00,0.00,+0.00,✓
2026-01-09,79,店铺新客UV,3.00,3.00,+0.00,✓
2026-01-09,79,加购UV,5.00,25.00,-20.00,✗
2026-01-09,79,店铺会员UV,1.00,1.00,+0.00,✓
2026-01-09,79,任务商品成交GMV(元),1477.01,1477.01,+0.00,✓
2026-01-09,79,关注店铺UV,1.00,1.00,+0.00,✓
2026-01-09,79,任务商品新客成交GMV(元),1477.01,1477.01,+0.00,✓
2026-01-10,79,阅读/播放UV,8419.00,8419.00,+0.00,✓
2026-01-10,79,进店UV,439.00,439.00,+0.00,✓
2026-01-10,79,店铺新访客,146.00,146.00,+0.00,✓
2026-01-10,79,全店成交UV,4.00,4.00,+0.00,✓
2026-01-10,79,全店成交GMV(元),4355.14,4355.14,+0.00,✓
2026-01-10,79,非任务商品成交GMV(元),898.12,898.12,+0.00,✓
2026-01-10,79,店铺新客UV,4.00,4.00,+0.00,✓
2026-01-10,79,加购UV,4.00,20.00,-16.00,✗
2026-01-10,79,店铺会员UV,0.00,0.00,+0.00,✓
2026-01-10,79,任务商品成交GMV(元),3457.02,3457.02,+0.00,✓
2026-01-10,79,关注店铺UV,0.00,0.00,+0.00,✓
2026-01-10,79,任务商品新客成交GMV(元),3457.02,3457.02,+0.00,✓
2026-01-11,79,阅读/播放UV,6927.00,6927.00,+0.00,✓
2026-01-11,79,进店UV,463.00,463.00,+0.00,✓
2026-01-11,79,店铺新访客,183.00,183.00,+0.00,✓
2026-01-11,79,全店成交UV,5.00,5.00,+0.00,✓
2026-01-11,79,全店成交GMV(元),5114.05,5114.05,+0.00,✓
2026-01-11,79,非任务商品成交GMV(元),3130.01,3130.01,+0.00,✓
2026-01-11,79,店铺新客UV,5.00,5.00,+0.00,✓
2026-01-11,79,加购UV,2.00,37.00,-35.00,✗
2026-01-11,79,店铺会员UV,0.00,0.00,+0.00,✓
2026-01-11,79,任务商品成交GMV(元),1984.04,1984.04,+0.00,✓
2026-01-11,79,关注店铺UV,0.00,0.00,+0.00,✓
2026-01-11,79,任务商品新客成交GMV(元),1984.04,1984.04,+0.00,✓
2026-01-12,79,阅读/播放UV,10221.00,10221.00,+0.00,✓
2026-01-12,79,进店UV,491.00,491.00,+0.00,✓
2026-01-12,79,店铺新访客,169.00,169.00,+0.00,✓
2026-01-12,79,全店成交UV,2.00,2.00,+0.00,✓
2026-01-12,79,全店成交GMV(元),974.67,974.67,+0.00,✓
2026-01-12,79,非任务商品成交GMV(元),0.00,0.00,+0.00,✓
2026-01-12,79,店铺新客UV,2.00,2.00,+0.00,✓
2026-01-12,79,加购UV,7.00,30.00,-23.00,✗
2026-01-12,79,店铺会员UV,0.00,0.00,+0.00,✓
2026-01-12,79,任务商品成交GMV(元),974.67,974.67,+0.00,✓
2026-01-12,79,关注店铺UV,0.00,0.00,+0.00,✓
2026-01-12,79,任务商品新客成交GMV(元),974.67,974.67,+0.00,✓
2026-01-13,79,阅读/播放UV,7938.00,7938.00,+0.00,✓
2026-01-13,79,进店UV,549.00,549.00,+0.00,✓
2026-01-13,79,店铺新访客,204.00,204.00,+0.00,✓
2026-01-13,79,全店成交UV,5.00,5.00,+0.00,✓
2026-01-13,79,全店成交GMV(元),2146.02,2146.02,+0.00,✓
2026-01-13,79,非任务商品成交GMV(元),669.01,669.01,+0.00,✓
2026-01-13,79,店铺新客UV,4.00,4.00,+0.00,✓
2026-01-13,79,加购UV,5.00,39.00,-34.00,✗
2026-01-13,79,店铺会员UV,0.00,0.00,+0.00,✓
2026-01-13,79,任务商品成交GMV(元),1477.01,1477.01,+0.00,✓
2026-01-13,79,关注店铺UV,0.00,0.00,+0.00,✓
2026-01-13,79,任务商品新客成交GMV(元),1477.01,1477.01,+0.00,✓
2026-01-14,80,阅读/播放UV,8444.00,8444.00,+0.00,✓
2026-01-14,80,进店UV,552.00,552.00,+0.00,✓
2026-01-14,80,店铺新访客,190.00,190.00,+0.00,✓
2026-01-14,80,全店成交UV,17.00,17.00,+0.00,✓
2026-01-14,80,全店成交GMV(元),8249.37,8249.37,+0.00,✓
2026-01-14,80,非任务商品成交GMV(元),479.01,479.01,+0.00,✓
2026-01-14,80,店铺新客UV,17.00,17.00,+0.00,✓
2026-01-14,80,加购UV,2.00,37.00,-35.00,✗
2026-01-14,80,店铺会员UV,3.00,3.00,+0.00,✓
2026-01-14,80,任务商品成交GMV(元),7770.36,7770.36,+0.00,✓
2026-01-14,80,关注店铺UV,0.00,0.00,+0.00,✓
2026-01-14,80,任务商品新客成交GMV(元),7770.36,7770.36,+0.00,✓
2026-01-15,80,阅读/播放UV,8010.00,8010.00,+0.00,✓
2026-01-15,80,进店UV,618.00,618.00,+0.00,✓
2026-01-15,80,店铺新访客,251.00,251.00,+0.00,✓
2026-01-15,80,全店成交UV,9.00,9.00,+0.00,✓
2026-01-15,80,全店成交GMV(元),3907.80,3907.80,+0.00,✓
2026-01-15,80,非任务商品成交GMV(元),65.02,65.02,+0.00,✓
2026-01-15,80,店铺新客UV,9.00,9.00,+0.00,✓
2026-01-15,80,加购UV,15.00,33.00,-18.00,✗
2026-01-15,80,店铺会员UV,5.00,5.00,+0.00,✓
2026-01-15,80,任务商品成交GMV(元),3842.78,3842.78,+0.00,✓
2026-01-15,80,关注店铺UV,0.00,0.00,+0.00,✓
2026-01-15,80,任务商品新客成交GMV(元),3842.78,3842.78,+0.00,✓
2026-01-16,80,阅读/播放UV,6777.00,6777.00,+0.00,✓
2026-01-16,80,进店UV,647.00,647.00,+0.00,✓
2026-01-16,80,店铺新访客,253.00,253.00,+0.00,✓
2026-01-16,80,全店成交UV,8.00,8.00,+0.00,✓
2026-01-16,80,全店成交GMV(元),2535.19,2535.19,+0.00,✓
2026-01-16,80,非任务商品成交GMV(元),65.03,65.03,+0.00,✓
2026-01-16,80,店铺新客UV,8.00,8.00,+0.00,✓
2026-01-16,80,加购UV,4.00,45.00,-41.00,✗
2026-01-16,80,店铺会员UV,0.00,0.00,+0.00,✓
2026-01-16,80,任务商品成交GMV(元),2470.16,2470.16,+0.00,✓
2026-01-16,80,关注店铺UV,2.00,2.00,+0.00,✓
2026-01-16,80,任务商品新客成交GMV(元),2470.16,2470.16,+0.00,✓
2026-01-17,80,阅读/播放UV,7634.00,7634.00,+0.00,✓
2026-01-17,80,进店UV,645.00,645.00,+0.00,✓
2026-01-17,80,店铺新访客,263.00,263.00,+0.00,✓
2026-01-17,80,全店成交UV,5.00,5.00,+0.00,✓
2026-01-17,80,全店成交GMV(元),3152.24,3152.24,+0.00,✓
2026-01-17,80,非任务商品成交GMV(元),1156.24,1156.24,+0.00,✓
2026-01-17,80,店铺新客UV,5.00,5.00,+0.00,✓
2026-01-17,80,加购UV,15.00,25.00,-10.00,✗
2026-01-17,80,店铺会员UV,2.00,2.00,+0.00,✓
2026-01-17,80,任务商品成交GMV(元),1996.00,1996.00,+0.00,✓
2026-01-17,80,关注店铺UV,0.00,0.00,+0.00,✓
2026-01-17,80,任务商品新客成交GMV(元),1996.00,1996.00,+0.00,✓
2026-01-18,80,阅读/播放UV,7369.00,7369.00,+0.00,✓
2026-01-18,80,进店UV,733.00,733.00,+0.00,✓
2026-01-18,80,店铺新访客,319.00,319.00,+0.00,✓
2026-01-18,80,全店成交UV,6.00,6.00,+0.00,✓
2026-01-18,80,全店成交GMV(元),8713.62,8713.62,+0.00,✓
2026-01-18,80,非任务商品成交GMV(元),7216.62,7216.62,+0.00,✓
2026-01-18,80,店铺新客UV,6.00,6.00,+0.00,✓
2026-01-18,80,加购UV,6.00,37.00,-31.00,✗
2026-01-18,80,店铺会员UV,3.00,3.00,+0.00,✓
2026-01-18,80,任务商品成交GMV(元),1497.00,1497.00,+0.00,✓
2026-01-18,80,关注店铺UV,0.00,0.00,+0.00,✓
2026-01-18,80,任务商品新客成交GMV(元),1497.00,1497.00,+0.00,✓
2026-01-19,47,阅读/播放UV,3417.00,3417.00,+0.00,✓
2026-01-19,47,进店UV,346.00,346.00,+0.00,✓
2026-01-19,47,店铺新访客,96.00,96.00,+0.00,✓
2026-01-19,47,全店成交UV,0.00,0.00,+0.00,✓
2026-01-19,47,全店成交GMV(元),0.00,0.00,+0.00,✓
2026-01-19,47,非任务商品成交GMV(元),0.00,0.00,+0.00,✓
2026-01-19,47,店铺新客UV,0.00,0.00,+0.00,✓
2026-01-19,47,加购UV,2.00,16.00,-14.00,✗
2026-01-19,47,店铺会员UV,0.00,0.00,+0.00,✓
2026-01-19,47,任务商品成交GMV(元),0.00,0.00,+0.00,✓
2026-01-19,47,关注店铺UV,0.00,0.00,+0.00,✓
2026-01-19,47,任务商品新客成交GMV(元),0.00,0.00,+0.00,✓
2026-01-20,47,阅读/播放UV,3473.00,3473.00,+0.00,✓
2026-01-20,47,进店UV,368.00,368.00,+0.00,✓
2026-01-20,47,店铺新访客,125.00,125.00,+0.00,✓
2026-01-20,47,全店成交UV,13.00,13.00,+0.00,✓
2026-01-20,47,全店成交GMV(元),35982.05,35982.05,+0.00,✓
2026-01-20,47,非任务商品成交GMV(元),35982.05,35982.05,+0.00,✓
2026-01-20,47,店铺新客UV,13.00,13.00,+0.00,✓
2026-01-20,47,加购UV,3.00,14.00,-11.00,✗
2026-01-20,47,店铺会员UV,5.00,5.00,+0.00,✓
2026-01-20,47,任务商品成交GMV(元),0.00,0.00,+0.00,✓
2026-01-20,47,关注店铺UV,0.00,0.00,+0.00,✓
2026-01-20,47,任务商品新客成交GMV(元),0.00,0.00,+0.00,✓
2026-01-21,47,阅读/播放UV,4315.00,4315.00,+0.00,✓
2026-01-21,47,进店UV,384.00,384.00,+0.00,✓
2026-01-21,47,店铺新访客,116.00,116.00,+0.00,✓
2026-01-21,47,全店成交UV,0.00,0.00,+0.00,✓
2026-01-21,47,全店成交GMV(元),0.00,0.00,+0.00,✓
2026-01-21,47,非任务商品成交GMV(元),0.00,0.00,+0.00,✓
2026-01-21,47,店铺新客UV,0.00,0.00,+0.00,✓
2026-01-21,47,加购UV,2.00,19.00,-17.00,✗
2026-01-21,47,店铺会员UV,0.00,0.00,+0.00,✓
2026-01-21,47,任务商品成交GMV(元),0.00,0.00,+0.00,✓
2026-01-21,47,关注店铺UV,0.00,0.00,+0.00,✓
2026-01-21,47,任务商品新客成交GMV(元),0.00,0.00,+0.00,✓
2026-01-22,47,阅读/播放UV,4193.00,4193.00,+0.00,✓
2026-01-22,47,进店UV,269.00,269.00,+0.00,✓
2026-01-22,47,店铺新访客,82.00,82.00,+0.00,✓
2026-01-22,47,全店成交UV,4.00,4.00,+0.00,✓
2026-01-22,47,全店成交GMV(元),6616.83,6616.83,+0.00,✓
2026-01-22,47,非任务商品成交GMV(元),3997.83,3997.83,+0.00,✓
2026-01-22,47,店铺新客UV,3.00,3.00,+0.00,✓
2026-01-22,47,加购UV,2.00,14.00,-12.00,✗
2026-01-22,47,店铺会员UV,2.00,2.00,+0.00,✓
2026-01-22,47,任务商品成交GMV(元),2619.00,2619.00,+0.00,✓
2026-01-22,47,关注店铺UV,0.00,0.00,+0.00,✓
2026-01-22,47,任务商品新客成交GMV(元),2619.00,2619.00,+0.00,✓
2026-01-23,47,阅读/播放UV,5660.00,5660.00,+0.00,✓
2026-01-23,47,进店UV,257.00,257.00,+0.00,✓
2026-01-23,47,店铺新访客,87.00,87.00,+0.00,✓
2026-01-23,47,全店成交UV,0.00,0.00,+0.00,✓
2026-01-23,47,全店成交GMV(元),0.00,0.00,+0.00,✓
2026-01-23,47,非任务商品成交GMV(元),0.00,0.00,+0.00,✓
2026-01-23,47,店铺新客UV,0.00,0.00,+0.00,✓
2026-01-23,47,加购UV,2.00,11.00,-9.00,✗
2026-01-23,47,店铺会员UV,0.00,0.00,+0.00,✓
2026-01-23,47,任务商品成交GMV(元),0.00,0.00,+0.00,✓
2026-01-23,47,关注店铺UV,0.00,0.00,+0.00,✓
2026-01-23,47,任务商品新客成交GMV(元),0.00,0.00,+0.00,✓
2026-01-24,47,阅读/播放UV,5477.00,5477.00,+0.00,✓
2026-01-24,47,进店UV,253.00,253.00,+0.00,✓
2026-01-24,47,店铺新访客,81.00,81.00,+0.00,✓
2026-01-24,47,全店成交UV,5.00,5.00,+0.00,✓
2026-01-24,47,全店成交GMV(元),11234.70,11234.70,+0.00,✓
2026-01-24,47,非任务商品成交GMV(元),5996.70,5996.70,+0.00,✓
2026-01-24,47,店铺新客UV,5.00,5.00,+0.00,✓
2026-01-24,47,加购UV,6.00,15.00,-9.00,✗
2026-01-24,47,店铺会员UV,0.00,0.00,+0.00,✓
2026-01-24,47,任务商品成交GMV(元),5238.00,5238.00,+0.00,✓
2026-01-24,47,关注店铺UV,0.00,0.00,+0.00,✓
2026-01-24,47,任务商品新客成交GMV(元),5238.00,5238.00,+0.00,✓
2026-01-25,47,阅读/播放UV,5534.00,5534.00,+0.00,✓
2026-01-25,47,进店UV,261.00,261.00,+0.00,✓
2026-01-25,47,店铺新访客,91.00,91.00,+0.00,✓
2026-01-25,47,全店成交UV,1.00,1.00,+0.00,✓
2026-01-25,47,全店成交GMV(元),1998.90,1998.90,+0.00,✓
2026-01-25,47,非任务商品成交GMV(元),1998.90,1998.90,+0.00,✓
2026-01-25,47,店铺新客UV,1.00,1.00,+0.00,✓
2026-01-25,47,加购UV,2.00,16.00,-14.00,✗
2026-01-25,47,店铺会员UV,0.00,0.00,+0.00,✓
2026-01-25,47,任务商品成交GMV(元),0.00,0.00,+0.00,✓
2026-01-25,47,关注店铺UV,0.00,0.00,+0.00,✓
2026-01-25,47,任务商品新客成交GMV(元),0.00,0.00,+0.00,✓
